name,number,role,team,season,x,y,age,nat,photo,desc
Kasper Schmeichel,1,GK,Leicester City,2015-16,6,34,29,Denmark,images/players/Kasper_Schmeichel.jpeg,"Provided leadership and composure from the back, recording 15 clean sheets and organizing a defense that conceded only 36 goals"
Danny Simpson,17,RB,Leicester City,2015-16,28,56,29,England,images/players/Danny_Simpson.jpg,"Replaced the more attacking Ritchie De Laet and brought defensive stability, maintaining discipline and rarely venturing forward"
Wes Morgan (C),5,CB,Leicester City,2015-16,22,28,32,Jamaica,images/players/Wes_Morgan.jpg,"Team captain who led by example with his strong defensive performances, aerial ability, and crucial goal contributions during set-pieces"
Robert Huth,6,CB,Leicester City,2015-16,22,40,31,Germany,images/players/Robert_Huth.jpg,"Experienced center-back who formed a solid partnership with Wes Morgan, known for his physical presence and ability to read the game"
Christian Fuchs,28,LB,Leicester City,2015-16,28,12,30,Austria,images/players/Christian_Fuchs.jpg,"Provided width and attacking support from the left-back position, contributing with assists and maintaining defensive duties effectively"
Riyad Mahrez,26,RM,Leicester City,2015-16,55,52,25,Algeria,images/players/Riyad_Mahrez.webp,"The Algerian winger’s 17 goals and 11 assists earned him PFA Player of the Year, dazzling defenders with flair and composure"
Danny Drinkwater,4,CM,Leicester City,2015-16,45,28,26,England,images/players/Danny_Drinkwater.jpg,"Key figure in midfield, known for his passing range and ability to break up opposition play, contributing significantly to Leicester's control in games"
N'Golo Kanté,14,CM,Leicester City,2015-16,45,40,25,France,images/players/N'Golo_Kante.avif,"The little-known French midfielder was a revelation in central midfield, leading the league in tackles and interceptions"
Marc Albrighton,11,LM,Leicester City,2015-16,55,18,26,England,images/players/Marc_Albrighton.webp,"Worked tirelessly on the flank, stretching play wide and delivering accurate crosses that fueled Leicester’s swift breaks"
Shinji Okazaki,20,ST,Leicester City,2015-16,65,38,30,Japan,images/players/Shinji_Okazaki.jpeg,"His relentless pressing and selfless runs opened space for Vardy, epitomizing the team’s energy and discipline"
Jamie Vardy,9,ST,Leicester City,2015-16,74,30,29,England,images/players/Jamie_Vardy.jpg,"Scored 24 league goals, including a record run of goals in 11 straight matches, spearheading Leicester’s ruthless counterattack"
